﻿<?xml version="1.0" encoding="utf-8"?>
<profiledata xmlns:xsi="http://www.w3.org/2001/XMLSchema-instance" xmlns:xsd="http://www.w3.org/2001/XMLSchema">
  <format_version>4</format_version>
  <tool_version>3</tool_version>
  <preset id="ieq_open">
    <data>iebt=[117, 133, 188, 176, 141, 149, 175, 185, 185, 200, 236, 242, 228, 213, 182, 132, 110, 68, -27, -240]</data>
  </preset>
  <preset id="ieq_rich">
    <data>iebt=[67, 95, 172, 163, 168, 201, 189, 242, 196, 221, 192, 186, 168, 139, 102, 57, 35, 9, -55, -235]</data>
  </preset>
  <preset id="ieq_focused">
    <data>iebt=[-419, -112, 75, 116, 113, 160, 165, 80, 61, 79, 98, 121, 64, 70, 44, -71, -33, -100, -238, -411]</data>
  </preset>
  <profile id="movie" name="Movie">
    <data>aoon=[2] dea=[5] ded=[0] deon=[0] dhrg=[0] dhsb=[96] dssb=[48] dssf=[200] dvla=[1] dvle=[0] dvme=[0] gebg=[0, 0, 0, 0, 0, 0, 0, 0, 0, 0, 0, 0, 0, 0, 0, 0, 0, 0, 0, 0] geon=[0] iea=[10] ieon=[0] ngon=[2] plb=[0] plmd=[4] vdhe=[0] vmb=[32] vmon=[2] vspe=[2]</data>
    <include preset="ieq_open" />
  </profile>
  <profile id="music" name="Music">
    <data>aoon=[2] dea=[10] ded=[0] deon=[0] dhrg=[0] dhsb=[0] dssb=[0] dssf=[200] dvla=[0] dvle=[0] dvme=[0] gebg=[0, 0, 0, 0, 0, 0, 0, 0, 0, 0, 0, 0, 0, 0, 0, 0, 0, 0, 0, 0] geon=[0] iea=[10] ieon=[0] ngon=[2] plb=[0] plmd=[4] vdhe=[2] vmb=[144] vmon=[0] vspe=[0]</data>
    <include preset="ieq_open" />
  </profile>
  <profile id="game" name="Game">
    <data>aoon=[2] dea=[7] ded=[0] deon=[1] dhrg=[0] dhsb=[0] dssb=[0] dssf=[200] dvla=[0] dvle=[0] dvme=[0] gebg=[0, 0, 0, 0, 0, 0, 0, 0, 0, 0, 0, 0, 0, 0, 0, 0, 0, 0, 0, 0] geon=[0] iea=[10] ieon=[0] ngon=[2] plb=[0] plmd=[4] vdhe=[0] vmb=[144] vmon=[2] vspe=[2]</data>
    <include preset="ieq_open" />
  </profile>
  <profile id="voice" name="Voice">
    <data>aoon=[2] dea=[7] ded=[0] deon=[1] dhrg=[0] dhsb=[0] dssb=[0] dssf=[200] dvla=[0] dvle=[0] dvme=[0] gebg=[0, 0, 0, 0, 0, 0, 0, 0, 0, 0, 0, 0, 0, 0, 0, 0, 0, 0, 0, 0] geon=[0] iea=[10] ieon=[0] ngon=[2] plb=[0] plmd=[4] vdhe=[2] vmb=[144] vmon=[2] vspe=[2]</data>
    <include preset="ieq_open" />
  </profile>
  <profile id="user1" name="Custom 1">
    <data>aoon=[2] dea=[7] ded=[0] deon=[0] dhrg=[0] dhsb=[48] dssb=[48] dssf=[200] dvla=[5] dvle=[0] dvme=[0] gebg=[0, 0, 0, 0, 0, 0, 0, 0, 0, 0, 0, 0, 0, 0, 0, 0, 0, 0, 0, 0] geon=[0] iea=[10] ieon=[0] ngon=[2] plb=[0] plmd=[4] vdhe=[0] vmb=[144] vmon=[2] vspe=[0]</data>
    <include preset="ieq_rich" />
  </profile>
  <profile id="user2" name="Custom 2">
    <data>aoon=[2] dea=[7] ded=[0] deon=[0] dhrg=[0] dhsb=[48] dssb=[48] dssf=[200] dvla=[5] dvle=[0] dvme=[0] gebg=[0, 0, 0, 0, 0, 0, 0, 0, 0, 0, 0, 0, 0, 0, 0, 0, 0, 0, 0, 0] geon=[0] iea=[10] ieon=[0] ngon=[2] plb=[0] plmd=[4] vdhe=[0] vmb=[144] vmon=[2] vspe=[0]</data>
    <include preset="ieq_rich" />
  </profile>
  <profile id="off" name="Off">
    <data>aoon=[0] dea=[0] ded=[0] deon=[0] dhrg=[0] dhsb=[0] dssb=[0] dssf=[200] dvla=[0] dvle=[0] dvme=[0] gebg=[0, 0, 0, 0, 0, 0, 0, 0, 0, 0, 0, 0, 0, 0, 0, 0, 0, 0, 0, 0] geon=[0] iea=[0] ieon=[0] ngon=[0] plb=[0] plmd=[1] vdhe=[0] vmb=[0] vmon=[0] vspe=[0]</data>
    <include preset="ieq_open" />
  </profile>
  <!--NOTE: <tuning> with endpoint other than SPEAKER do not use the band gain, UNLESS aoon is set 1 (from 2) and plmd is set to 2 (not 4).-->
  <tuning id="tune0" name="DEFAULT ENDPOINT" endpoint="SPEAKER" tuned_rate="48000">
    <data>aobf=[20, 140, 234, 328, 468, 656, 843, 1031, 1312, 1687, 2250, 3000, 4550, 5687, 6812, 8125, 11000, 14250, 18875, 20000] aobg=[0, 0, 0, 0, 0, 0, 0, 0, 0, 0, 0, 0, 0, 0, 0, 0, 0, 0, 0, 0, 0, 0, 0, 0, 0, 0, 0, 0, 0, 0, 0, 0, 0, 0, 0, 0, 0, 0, 0, 0, 0, 0] arbf=[20, 140, 234, 328, 468, 656, 843, 1031, 1312, 1687, 2250, 3000, 4550, 5687, 6812, 8125, 11000, 14250, 18875, 20000] arbh=[0, 0, 0, 0, 0, 0, 0, 0, 0, 0, 0, 0, 0, 0, 0, 0, 0, 0, 0, 0] arbl=[0, 0, 0, 0, 0, 0, 0, 0, 0, 0, 0, 0, 0, 0, 0, 0, 0, 0, 0, 0] arbi=[0, 0, 0, 0, 0, 0, 0, 0, 0, 0, 0, 0, 0, 0, 0, 0, 0, 0, 0, 0] arod=[20] artp=[20] dssa=[20]</data>
  </tuning>
  <constant>
    <data>aocc=[2] aonb=[20] arnb=[20] dvli=[-320] dvlo=[-320] dvmc=[20] gebf=[43, 129, 215, 301, 431, 603, 775, 947, 1206, 1550, 2067, 2756, 3618, 4651, 5685, 7063, 8958, 11025, 13781, 18777] genb=[20] iebf=[0, 0, 0, 0, 0, 0, 0, 0, 0, 0, 0, 0, 0, 0, 0, 0, 0, 0, 0, 0] ienb=[20]</data>
  </constant>
</profiledata>